being,organism/tissue
animal,animate_being,beast,brute,creature,fauna/animal_tissue
horn/bone,os
tusk/ivory,tusk
feather,plumage,plume/ceratin,keratin
feather,plumage,plume/melanin
carapace,cuticle,shell,shield/shell
edible_snail,helix_pomatia/escargot,snail
whelk/whelk
periwinkle,winkle/periwinkle,winkle
grunter,hog,pig,squealer,sus_scrofa/lard
brevoortia_tyrannis,menhaden/menhaden_oil
acetate,acetate_rayon/cellulose_acetate
adobe,adobe_brick/adobe
aluminium_foil,aluminum_foil,tin_foil/al,aluminium,aluminum,atomic_number_13
acetylsalicylic_acid,aspirin,bayer,empirin,st._joseph/2-hydroxybenzoic_acid,salicylic_acid
beam/wood
belt/belting
belt/belting
black_lotion,blackwash/limewater
black_lotion,blackwash/calomel,mercurous_chloride
blasting_gelatin/cellulose_nitrate,guncotton,nitrocellulose,nitrocotton
blasting_gelatin/glyceryl_trinitrate,nitroglycerin,nitroglycerine,nitrospan,nitrostat,trinitroglycerin
brick/clay
calamine_lotion/calamine,hemimorphite
canvas,canvass/hemp
castor_oil/ricinoleic_acid
chalk/chalk
chenille/chenille,chenille_cord
chinos/chino
chopping_block/wood
coca/cocain,cocaine
compress/fomentation
cordite/cellulose_nitrate,guncotton,nitrocellulose,nitrocotton
cordite/glyceryl_trinitrate,nitroglycerin,nitroglycerine,nitrospan,nitrostat,trinitroglycerin
cordite/mineral_jelly,petrolatum,petroleum_jelly
corrugated_iron/galvanized_iron
cotton/cotton,cotton_fiber,cotton_wool
cowhide/cowhide,cowskin
cubeb,cubeb_cigarette/cubeb
cataflam,diclofenac_potassium/acetic_acid,ethanoic_acid
diclofenac_sodium,voltaren/acetic_acid,ethanoic_acid
diflunisal,dolobid/2-hydroxybenzoic_acid,salicylic_acid
dimetapp/brompheniramine_maleate,dimetane
dynamite/glyceryl_trinitrate,nitroglycerin,nitroglycerine,nitrospan,nitrostat,trinitroglycerin
continental_quilt,duvet,eiderdown/eiderdown
emulsion,photographic_emulsion/silver_nitrate
emulsion,photographic_emulsion/silver_bromide
enovid/norethynodrel
enovid/mestranol
etodolac,lodine/acetic_acid,ethanoic_acid
cloth,fabric,material,textile/warp
cloth,fabric,material,textile/filling,pick,weft,woof
fenoprofen,fenoprofen_calcium,nalfon/propanoic_acid,propionic_acid
firebrick/fireclay
ansaid,flurbiprofen/propanoic_acid,propionic_acid
furnace_lining,refractory/fireclay
furnace_lining,refractory/alumina,aluminium_oxide,aluminum_oxide
glassware,glasswork/glass
gold_foil/atomic_number_79,au,gold
gold_leaf/atomic_number_79,au,gold
advil,ibuprofen,isobutylphenyl_propionic_acid,motrin,nuprin/propanoic_acid,propionic_acid
ice_cube/ice,water_ice
indocin,indomethacin/acetic_acid,ethanoic_acid
joint,marijuana_cigarette,reefer,spliff,stick/cannabis,ganja,marihuana,marijuana
kaopectate/china_clay,china_stone,kaolin,kaoline,porcelain_clay,terra_alba
kaopectate/pectin
ketoprofen,orudis,orudis_kt,oruvail/propanoic_acid,propionic_acid
ketorolac,torodal/acetic_acid,ethanoic_acid
acular,ketorolac_tromethamine,toradol/acetic_acid,ethanoic_acid
linen/flax
loestrin/norethandrolone,norethindrone,norethindrone_acetate,norlutin
loestrin/estradiol,oestradiol
lo/ovral/norgestrel
lo/ovral/estradiol,oestradiol
mac,macintosh,mack,mackintosh/macintosh,mackintosh
maxzide/esidrix,hydrochlorothiazide,hydrodiuril,microzide
medicament,medication,medicinal_drug,medicine/physostigmine
meerschaum/meerschaum,sepiolite
menthol/menthol
mentholated_salve/menthol
micronor/norethandrolone,norethindrone,norethindrone_acetate,norlutin
modicon/norethandrolone,norethindrone,norethindrone_acetate,norlutin
modicon/estradiol,oestradiol
camphor_ball,mothball/camphor
camphor_ball,mothball/naphthalene
motley/motley
nabumetone,relafen/ketone
naprosyn,naproxen/propanoic_acid,propionic_acid
aflaxen,aleve,anaprox,naproxen_sodium/propanoic_acid,propionic_acid
macrodantin,nitrofurantoin/nitrofuran
nitrospan,nitrostat/glyceryl_trinitrate,nitroglycerin,nitroglycerine,nitrospan,nitrostat,trinitroglycerin
laughing_gas,nitrous_oxide/ammonium_nitrate
norinyl/norethandrolone,norethindrone,norethindrone_acetate,norlutin
norinyl/mestranol
norlestrin/norethandrolone,norethindrone,norethindrone_acetate,norlutin
norlestrin/estradiol,oestradiol
nor-q-d/norethandrolone,norethindrone,norethindrone_acetate,norlutin
nux_vomica/strychnine
nux_vomica/brucine
balm,ointment,salve,unction,unguent/lanolin,wool_fat,wool_grease
olive-drab_uniform,olive_drab/olive_drab
opiate/opium
ovocon/norethandrolone,norethindrone,norethindrone_acetate,norlutin
ovocon/estradiol,oestradiol
ovral/norgestrel
ovral/estradiol,oestradiol
ovrette/norgestrel
ovulen/mestranol
daypro,oxaprozin/propanoic_acid,propionic_acid
cushioning,padding/cotton,cotton_fiber,cotton_wool
cushioning,padding/kapok,silk_cotton,vegetable_silk
cushioning,padding/straw
paint,pigment/pigment
pavement,paving/paving_stone
petrolatum_gauze/mineral_jelly,petrolatum,petroleum_jelly
anovulant,anovulatory_drug,birth_control_pill,contraceptive_pill,oral_contraceptive,oral_contraceptive_pill,pill/lipo-lutin,progesterone
plastic_bomb/plastic_explosive,plastique
plate_glass,sheet_glass/glass
clayware,pottery/clay
rau-sed,raudixin,reserpine,sandril,serpasil/rauwolfia
road,route/pavement,paving
rope/hemp
rope/jute
rope/sisal,sisal_hemp
bagging,sacking/jute
cling_film,clingfilm,saran_wrap/saran
screen/screening
seal,sealing_wax/lac
semiconductor,semiconductor_device,semiconductor_unit/semiconducting_material,semiconductor
shellac,shellac_varnish/lac
shirt/shirting
pavement,sidewalk/pavement,paving
snowball/snow
spindle/wood
street/pavement,paving
clinoril,sulindac/ketone
sun_blocker,sunblock,sunscreen/paba,para_aminobenzoic_acid
suture/catgut,gut
talcum,talcum_powder/talc,talcum
tenoretic/atenolol,tenormin
tin_foil,tinfoil/atomic_number_50,sn,tin
tin_plate,tinplate/tin
tinware/tin_plate,tinplate
baccy,tobacco/common_tobacco,nicotiana_tabacum
baccy,tobacco/nicotine
tolectin,tolmetin_sodium/ketone
tweed/wool,woolen,woollen
tyrothricin/tyrocidin,tyrocidine
viscose,viscose_rayon/cellulose_xanthate,viscose
chromatic_color,chromatic_colour,spectral_color,spectral_colour/chroma,intensity,saturation,vividness
cutis,skin,tegument/melanin
hair/ceratin,keratin
bone,os/collagen
bone,os/bone,osseous_tissue
connective_tissue/collagen
elastic_tissue/elastin
cartilage,gristle/collagen
sinew,tendon/collagen
vitreous_body,vitreous_humor,vitreous_humour/hyaluronic_acid
blood/blood_serum,serum
blood_serum,serum/serum_albumin
blood_serum,serum/serum_globulin
blood_serum,serum/opsonin
blood_plasma,plasm,plasma/plasma_protein
blood_plasma,plasm,plasma/gamma_globulin,human_gamma_globulin
chyle/lymph
tear,teardrop/h2o,water
perspiration,sudor,sweat/h2o,water
gastric_acid,gastric_juice/lipase
gastric_acid,gastric_juice/pepsin
gastric_acid,gastric_juice/chymosin,rennin
synovia,synovial_fluid/hyaluronic_acid
mucous_secretion,mucus/mucin
saliva,spit,spittle/ptyalin
membrane,tissue_layer/phospholipid
cell_nucleus,karyon,nucleus/karyoplasm,nucleoplasm
erythrocyte,rbc,red_blood_cell/haemoglobin,hb,hemoglobin
adipose_cell,fat_cell/fat
medullary_sheath,myelin_sheath/medulla,myelin,myeline
central_nervous_system,cns,systema_nervosum_centrale/substantia_alba,white_matter
gray_matter,gray_substance,grey_matter,grey_substance,substantia_grisea/neuropil,neuropile
cerebral_cortex,cerebral_mantle,cortex,pallium/gray_matter,gray_substance,grey_matter,grey_substance,substantia_grisea
endometrium/decidua
cartilaginous_structure/cartilage,gristle
tentorium/dura,dura_mater
page/paper
journalism,news_media/copy
bran/bran
soy_flour,soybean_flour,soybean_meal/soy,soya,soya_bean,soybean
shrimp_cocktail/prawn,shrimp
oxtail_soup/oxtail
carob,carob_powder,saint-john's-bread/algarroba,algarroba_bean,carob,carob_bean,locust_bean,locust_pod
chewing_gum,gum/chicle,chicle_gum
chocolate/cacao_bean,cocoa_bean
chocolate_candy/center,centre
white_chocolate/cocoa_butter
mint,mint_candy/mint
peppermint,peppermint_candy/peppermint_oil
tapioca/cassava,cassava_starch,manioc,manioca
pastry/flour
seed_cake,seedcake/caraway_seed
anise_cookie/anise,anise_seed,aniseed
meat/protein
meat/hexadecanoic_acid,palmitic_acid
margarin,margarine,marge,oleo,oleomargarine/oil,vegetable_oil
margarin,margarine,marge,oleo,oleomargarine/trans_fatty_acid
canola,canola_oil/oleic_acid
corn_oil/linoleic_acid,linolic_acid
olive_oil/oleic_acid
soyabean_oil,soybean_oil/linoleic_acid,linolic_acid
soyabean_oil,soybean_oil/linolenic_acid
sausage/sausage_meat
bread,breadstuff,staff_of_life/flour
hoecake/cornmeal,indian_meal
cornmeal_mush,mush/cornmeal,indian_meal
polenta/cornmeal,indian_meal
crudites/rabbit_food,raw_vegetable
legume/protein
bean_curd,tofu/soya_milk,soybean_milk,soymilk
soy,soya,soya_bean,soybean/soyabean_oil,soybean_oil
lemon_peel,lemon_rind/lemon_oil
cocoa/cacao_bean,cocoa_bean
morello/kirsch
grape/vino,wine
muscat,muscat_grape,muscatel/muscadel,muscadelle,muscat,muscatel
tokay/tokay
english_walnut/walnut_oil
cocoanut,coconut/coconut_oil,copra_oil
cocoanut,coconut/coconut,coconut_meat
cocoanut,coconut/coconut_milk,coconut_water
cocoanut,coconut/copra
dika_bread/dika_nut
sunflower_seed/sunflower-seed_oil,sunflower_oil
blowfish,puffer,pufferfish,sea_squab/tetrodotoxin
anchovy_paste/anchovy
oil_cake/field_soybean
peppermint_oil/menthol
oil_of_wintergreen,wintergreen_oil/birch_oil,methyl_salicylate,sweet-birch_oil
sour_salt/citric_acid
five_spice_powder/chinese_anise,star_anise,star_aniseed
ginger,powdered_ginger/ginger,gingerroot
mace/nutmeg
mustard,table_mustard/mustard_seed
mustard,table_mustard/isothiocyanate
chili_powder/chile,chili,chili_pepper,chilli,chilly
cranberry_sauce/cranberry
paprika/pimento,pimiento
soy,soy_sauce/soy,soya,soya_bean,soybean
tabasco,tabasco_sauce/red_pepper,tabasco
benniseed,sesame_seed/sesame_oil
vanilla_bean/vanillin
vanilla,vanilla_extract/vanilla_bean
horseradish_sauce,sauce_albert/horseradish
egg,eggs/protein
dairy_product/hexadecanoic_acid,palmitic_acid
milk/protein
soya_milk,soybean_milk,soymilk/soy_flour,soybean_flour,soybean_meal
cheese/curd
dough/flour
seafood_newburg/newburg_sauce
poi/cocoyam,dasheen,edda,taro,taro_root
porridge/oatmeal,rolled_oats
malt,malt_liquor/malt
mead/honey
mead/hydromel
oenomel/honey
ethyl_alcohol,neutral_spirits/ethanol,ethyl_alcohol,fermentation_alcohol,grain_alcohol
akvavit,aquavit/caraway_seed
gin/juniper_berries
sloe_gin/sloe
ouzo/anise,anise_seed,aniseed
absinth,absinthe/anise,anise_seed,aniseed
absinth,absinthe/absinthe,artemisia_absinthium,common_wormwood,lad's_love,old_man
anisette,anisette_de_bordeaux/anise,anise_seed,aniseed
chartreuse/hyssop_oil
creme_de_cacao/cacao_bean,cocoa_bean
kummel/cumin,cumin_seed
kummel/caraway_seed
maraschino,maraschino_liqueur/marasca
pastis/anise,anise_seed,aniseed
pernod/anise,anise_seed,aniseed
ratafee,ratafia/brandy
bloody_mary/vodka
bullshot/vodka
daiquiri,rum_cocktail/rum
gin_and_tonic/gin
gin_and_tonic/quinine_water,tonic,tonic_water
grasshopper/creme_de_menthe
julep,mint_julep/bourbon
manhattan/italian_vermouth,sweet_vermouth
manhattan/whiskey,whisky
rob_roy/malt_whiskey,malt_whisky,scotch,scotch_malt_whiskey,scotch_malt_whisky,scotch_whiskey,scotch_whisky
martini/gin
gin_and_it/italian_vermouth,sweet_vermouth
gin_and_it/gin
vodka_martini/vodka
old_fashioned/whiskey,whisky
pink_lady/brandy
pink_lady/gin
sangaree,sangria/red_wine
screwdriver/vodka
whiskey_sour,whisky_sour/whiskey,whisky
stinger/brandy
stinger/creme_de_menthe
swizzle/rum
hot_toddy,toddy/rum
tom_and_jerry/rum
zombi,zombie/rum
irish_coffee/irish,irish_whiskey,irish_whisky
hard_cider/applejack
chocolate,cocoa,drinking_chocolate,hot_chocolate/cocoa
negus/vino,wine
pop,soda,soda_pop,soda_water,tonic/carbonated_water,club_soda,seltzer,soda_water,sparkling_water
cola,dope/cola_nut,kola_nut
ginger_ale,ginger_pop/ginger,gingerroot
sarsaparilla/sarsaparilla_root
quinine_water,tonic,tonic_water/quinine
coffee,java/coffee,coffee_bean,coffee_berry
coffee,java/caffein,caffeine
claret_cup/brandy
planter's_punch/rum
may_wine/asperula_odorata,fragrant_bedstraw,galium_odoratum,sweet_woodruff,waldmeister,woodruff
tea/tea,tea_leaf
tea/caffein,caffeine
camomile_tea/anthemis_nobilis,camomile,chamaemelum_nobilis,chamomile
multivitamin,multivitamin_pill/vitamin
extragalactic_nebula,galaxy/cosmic_dust
a-horizon,a_horizon/humus
alluvial_deposit,alluvial_sediment,alluvion,alluvium/alluvial_soil
beach/sand
body_of_water,water/h2o,water
cloud/water_vapor,water_vapour
crust,earth's_crust/sial
crust,earth's_crust/sima
glacier/ice,water_ice
quicksand/sand
sand_bar,sandbar/sand
spit,tongue/sand
stalactite/dripstone
stalagmite/dripstone
flake,snowflake/h2o,water
diamond_dust,frost_mist,frost_snow,ice_crystal,ice_needle,poudrin,snow_mist/h2o,water
solar_wind/interplanetary_gas
air_current,current_of_air,wind/air
balsam/balsam
cycas_revoluta,sago_palm/jaggary,jaggery,jagghery
pine,pine_tree,true_pine/pine
white_pine/white_pine
yellow_pine/yellow_pine
larch,larch_tree/larch
fir,fir_tree,true_fir/fir
cedar,cedar_tree,true_cedar/cedar,cedarwood
spruce/spruce
hemlock,hemlock_tree/hemlock
douglas_fir/douglas_fir
cedar,cedar_tree/cedar,cedarwood
cypress,cypress_tree/cypress
chamaecyparis_lawsoniana,lawson's_cedar,lawson's_cypress,oregon_cedar,port_orford_cedar/port_orford_cedar
pencil_cedar,pencil_cedar_tree/pencil_cedar
redwood,sequoia/redwood
callitris_quadrivalvis,sandarac,sandarac_tree,tetraclinis_articulata/sandarac,sandarach
callitris_quadrivalvis,sandarac,sandarac_tree,tetraclinis_articulata/citronwood,sandarac
dammar_pine,kauri_pine/kauri
yellowwood,yellowwood_tree/yellowwood
yew/yew
cottonseed/cottonseed_oil
lancewood,lancewood_tree,oxandra_lanceolata/lancewood
sassafras,sassafras_albidum,sassafras_tree/sassafras_oil
canary_whitewood,liriodendron_tulipifera,tulip_poplar,tulip_tree,yellow_poplar/true_tulipwood,tulipwood,white_poplar,whitewood,yellow_poplar
wax_myrtle/bayberry_tallow,bayberry_wax
zebrawood,zebrawood_tree/zebrawood
peanut/groundnut_oil,peanut_oil
brya_ebenus,granadilla_tree,granadillo/cocoswood,cocuswood,granadilla_wood
courbaril,hymenaea_courbaril/courbaril_copal
acacia/gum_acacia,gum_arabic
shittah,shittah_tree/shittimwood
acacia_catechu,catechu,jerusalem_thorn/black_catechu,catechu
lysiloma_sabicu,sabicu/sabicu,sabicu_wood
acorus_calamus,calamus,flagroot,myrtle_flag,sweet_calamus,sweet_flag/calamus_oil
magic_mushroom,mescal_button,sacred_mushroom/mescaline,peyote
horseradish,horseradish_root/horseradish
horseradish,horseradish_root/isothiocyanate
mustard/isothiocyanate
brassica_napus,colza,rape/rapeseed
rapeseed/colza_oil,rape_oil,rapeseed_oil
radish,raphanus_sativus/isothiocyanate
arnica_montana/arnica
carthamus_tinctorius,false_saffron,safflower/safflower_oil
safflower_seed/safflower_oil
chile_tarweed,madia_oil_plant,madia_sativa,melosa/madia_oil
rice/rice_beer,sake,saki
corn/corn_oil
bamboo/bamboo
plagianthus_betulinus,plagianthus_regius,ribbon_tree,ribbonwood/new_zealand_cotton
tulipwood_tree/tulipwood
balsa,ochroma_lagopus/balsa,balsa_wood
cola_acuminata,goora_nut,kola,kola_nut,kola_nut_tree/cola_extract
basswood,lime,lime_tree,linden,linden_tree/basswood,linden
beefwood,grevillea_striata/beefwood
beefwood,scrub_beefwood,stenocarpus_salignus/beefwood
beefwood/beefwood
briarroot/briarwood,brier-wood,brierwood
checkerberry,creeping_wintergreen,gaultheria_procumbens,ground-berry,groundberry,mountain_tea,teaberry,wintergreen/oil_of_wintergreen,wintergreen_oil
beech,beech_tree/beech,beechwood
chestnut,chestnut_tree/chestnut
oak,oak_tree/oak
birch,birch_tree/birch
alder,alder_tree/alder
hazel,hazelnut,hazelnut_tree/hazel
olive_tree/olive
olive/olive_oil
ash,ash_tree/ash
american_sweet_gum,bilsted,liquidambar_styraciflua,red_gum,sweet_gum,sweet_gum_tree/liquidambar,sweet_gum
walnut,walnut_tree/walnut
hickory,hickory_tree/hickory
carya_illinoensis,carya_illinoinsis,pecan,pecan_tree/pecan
gum,gum_tree/gum,gumwood
eucalypt,eucalyptus,eucalyptus_tree/eucalyptus
eucalyptus_camaldulensis,eucalyptus_rostrata,river_gum,river_red_gum/eucalyptus_gum,eucalyptus_kino,red_gum
clove/clove
tupelo,tupelo_tree/tupelo
ginger/gingerol
poon/poon
cistus_ladanifer,cistus_ladanum,common_gum_cistus/labdanum,ladanum
red_lauan,red_lauan_tree,shorea_teysmanniana/red_lauan
elm,elm_tree/elm,elmwood
allium_cepa,onion,onion_plant/isothiocyanate
agave_atrovirens,maguey/pulque
agave_atrovirens,maguey/mescal
agave_tequilana/tequila
bowstring_hemp,sansevieria/bowstring_hemp
brazilwood,caesalpinia_echinata,peach-wood,peachwood,pernambuco_wood/brazilwood
locust,locust_tree/locust
bloodwood_tree,campeachy,haematoxylum_campechianum,logwood,logwood_tree/logwood
rosewood,rosewood_tree/rosewood
dalbergia_cearensis,kingwood,kingwood_tree/kingwood
cocobolo,dalbergia_retusa/granadilla_wood
blackwood,blackwood_tree/blackwood
myroxylon_balsamum,myroxylon_toluiferum,tolu_balsam_tree,tolu_tree/balsam_of_tolu,tolu,tolu_balsam
myroxylon_balsamum_pereirae,myroxylon_pereirae,peruvian_balsam/balsam_of_peru
quira/panama_redwood,quira
amboyna,padauk,padouk,pterocarpus_indicus/amboyna,andaman_redwood
kino,pterocarpus_marsupium/east_india_kino,kino_gum,malabar_kino
pterocarpus_santalinus,red_sandalwood,red_sanders,red_sanderswood,red_saunders/red_sandalwood,ruby_wood
black_locust,robinia_pseudoacacia,yellow_locust/black_locust
arenga_pinnata,gomuti,gomuti_palm,sugar_palm/jaggary,jaggery,jagghery
borassus_flabellifer,longar_palm,lontar,palmyra,palmyra_palm,toddy_palm,wine_palm/bassine
carnauba,carnauba_palm,copernicia_cerifera,copernicia_prunifera,wax_palm/carnauba,carnauba_wax
palm_kernel,palm_nut/palm_oil
nipa_fruticans,nipa_palm/nipa
babassu_nut/babacu_oil,babassu_oil
cohune_nut/cohune-nut_oil,cohune_fat,cohune_oil
raffia_farinifera,raffia_palm,raffia_ruffia/raffia
apple_tree/applewood
cherry,cherry_tree/cherry
fruit_tree/fruitwood
incense_tree/elemi,gum_elemi
incense_tree/incense_wood
commiphora_myrrha,myrrh_tree/gum_myrrh,myrrh,sweet_cicely
mahogany,mahogany_tree/mahogany
neem_seed/azadirachtin
neem_seed/neem_cake
cedrela_odorata,spanish_cedar,spanish_cedar_tree/cigar-box_cedar
chloroxylon_swietenia,satinwood,satinwood_tree/satinwood
orange,orange_tree/orangewood
citron,citron_tree,citrus_medica/citronwood
bitterwood,jamaica_quassia,picrasma_excelsa,picrasma_excelsum/jamaica_quassia
bulnesia_sarmienti,palo_santo/guaiac_wood,guaiacum_wood
guaiacum_officinale,lignum_vitae/guaiac,guaiacum,lignum_vitae
guaiacum_officinale,lignum_vitae/guaiacum
poplar,poplar_tree/poplar
sandalwood_tree,santalum_album,true_sandalwood/sandalwood
box,boxwood/boxwood,turkish_boxwood
maple/maple
shumac,sumac,sumach/sumac
diospyros_ebenum,ebony,ebony_tree/ebony
andaman_marble,diospyros_kurzii,marble-wood,marblewood/marble-wood,marblewood
balata,balata_tree,beefwood,bully_tree,manilkara_bidentata/balata,gutta_balata
plane_tree,platan,sycamore/lacewood,sycamore
american_pennyroyal,hedeoma_pulegioides,pennyroyal/hedeoma_oil,pennyroyal_oil
french_lavender,lavandula_latifolia,spike_lavender/spike_lavender_oil,spike_oil
mentha_piperita,peppermint/peppermint_oil
mentha_spicata,spearmint/spearmint_oil
mentha_pulegium,pennyroyal/pennyroyal_oil
capsicum,capsicum_pepper_plant,pepper/capsaicin
capsicum_annuum_longum,cayenne,cayenne_pepper,chili_pepper,chilli_pepper,jalapeno,long_pepper/cayenne,cayenne_pepper,red_pepper
bell_pepper,capsicum_annuum_grossum,paprika,pimento,pimiento,sweet_pepper,sweet_pepper_plant/paprika
teak,tectona_grandis/teak,teakwood
candelilla,euphorbia_antisyphilitica/candelilla_wax
croton,croton_tiglium/croton_oil
bitter_cassava,gari,mandioc,mandioca,manihot_esculenta,manihot_utilissima,manioc,tapioca_plant/cassiri
cassava,manioc/tapioca
candelilla,pedilanthus_bracteatus,pedilanthus_pavonis/candelilla_wax
cornel,dogwood,dogwood_tree/dogwood
flesh,pulp/parenchyma
pith/parenchyma
ligneous_plant,woody_plant/lignum
tree/sapwood
tree/duramen,heartwood
root/parenchyma
hazel,hazel_tree,pomaderris_apetala/hazel
chardonnay,chardonnay_grape/chardonnay,pinot_chardonnay
pinot_noir/pinot_noir
pinot_blanc/pinot_blanc
sauvignon_grape/medoc
cabernet_sauvignon_grape/cabernet,cabernet_sauvignon
sauvignon_blanc/sauvignon_blanc
riesling/riesling
zinfandel/zinfandel
chenin_blanc/chenin_blanc
malvasia/malmsey
black_pepper,common_pepper,madagascar_pepper,pepper,piper_nigrum,white_pepper/piperin,piperine
foliage,leaf,leafage/parenchyma
burl/burl
gold/atomic_number_79,au,gold
silver/ag,atomic_number_47,silver
rust,rusting/ferric_oxide
haymow/hay
glioma/glia,neuroglia
antimatter/antiparticle
alloy,metal/primary_solid_solution,solid_solution
agent_orange/dioxin
azoimide,hn,hydrazoic_acid,hydrogen_azide/hydrazoite
amblygonite/atomic_number_3,li,lithium
amphibolite/amphibole
apatite/atomic_number_15,p,phosphorus
apatite/atomic_number_65,tb,terbium
apatite/atomic_number_69,thulium,tm
argentite/ag,atomic_number_47,silver
argyrodite/atomic_number_32,ge,germanium
arsenopyrite,mispickel/arsenic,as,atomic_number_33
baddeleyite/atomic_number_40,zirconium,zr
bastnaesite,bastnasite/atomic_number_58,ce,cerium
bastnaesite,bastnasite/atomic_number_60,nd,neodymium
bastnaesite,bastnasite/atomic_number_59,pr,praseodymium
bastnaesite,bastnasite/atomic_number_62,samarium,sm
bauxite/al,aluminium,aluminum,atomic_number_13
bauxite/atomic_number_31,ga,gallium
bauxite/gibbsite
beryl/atomic_number_4,be,beryllium,glucinium
borax/atomic_number_5,b,boron
bornite,peacock_ore/atomic_number_29,copper,cu
carnallite/atomic_number_12,magnesium,mg
carnallite/atomic_number_19,k,potassium
carnallite/atomic_number_37,rb,rubidium
carnotite/atomic_number_23,v,vanadium
cassiterite/atomic_number_50,sn,tin
celestite/atomic_number_38,sr,strontium
cerussite,white_lead_ore/atomic_number_82,lead,pb
chalcocite,copper_glance/atomic_number_29,copper,cu
chalcopyrite,copper_pyrites/atomic_number_29,copper,cu
chromite/atomic_number_24,chromium,cr
chrysoberyl/atomic_number_4,be,beryllium,glucinium
cinnabar/atomic_number_80,hg,hydrargyrum,mercury,quicksilver
cobaltite/atomic_number_27,co,cobalt
common_salt,sodium_chloride/atomic_number_17,chlorine,cl
halite,rock_salt/atomic_number_11,na,sodium
cristobalite/silica,silicon_dioxide,silicon_oxide
cryolite,greenland_spar/atomic_number_9,f,fluorine
cuprite/atomic_number_29,copper,cu
bitter_spar,dolomite/atomic_number_12,magnesium,mg
emery/corundom,corundum
emery/haematite,hematite
emery/magnetic_iron-ore,magnetite
fergusonite/atomic_number_68,er,erbium
fergusonite/atomic_number_73,ta,tantalum
fergusonite/atomic_number_39,y,yttrium
fluorapatite/atomic_number_9,f,fluorine
fluor,fluorite,fluorspar/atomic_number_20,ca,calcium
fluor,fluorite,fluorspar/atomic_number_9,f,fluorine
gadolinite,ytterbite/atomic_number_4,be,beryllium,glucinium
gadolinite,ytterbite/atomic_number_58,ce,cerium
gadolinite,ytterbite/atomic_number_68,er,erbium
gadolinite,ytterbite/atomic_number_64,gadolinium,gd
gadolinite,ytterbite/atomic_number_67,ho,holmium
gadolinite,ytterbite/atomic_number_65,tb,terbium
gadolinite,ytterbite/atomic_number_70,yb,ytterbium
gadolinite,ytterbite/atomic_number_39,y,yttrium
galena/atomic_number_82,lead,pb
garnierite/atomic_number_28,ni,nickel
germanite/atomic_number_32,ge,germanium
gibbsite/aluminium_hydroxide,aluminum_hydroxide,hydrated_aluminium_oxide,hydrated_aluminum_oxide
gypsum/atomic_number_20,ca,calcium
hausmannite/atomic_number_25,manganese,mn
hausmannite/manganese_tetroxide
barite,barium_sulphate,barytes,heavy_spar/atomic_number_56,ba,barium
calamine,hemimorphite/atomic_number_48,cadmium,cd
ilmenite/atomic_number_22,ti,titanium
kainite/atomic_number_19,k,potassium
kernite/atomic_number_5,b,boron
langbeinite/atomic_number_19,k,potassium
lepidolite/atomic_number_3,li,lithium
lepidolite/atomic_number_37,rb,rubidium
magnesite/atomic_number_12,magnesium,mg
malachite/atomic_number_29,copper,cu
manganite/atomic_number_25,manganese,mn
millerite/atomic_number_28,ni,nickel
molybdenite/atomic_number_42,mo,molybdenum
monazite/atomic_number_58,ce,cerium
monazite/atomic_number_63,eu,europium
monazite/atomic_number_60,nd,neodymium
monazite/atomic_number_59,pr,praseodymium
monazite/atomic_number_62,samarium,sm
monazite/atomic_number_65,tb,terbium
monazite/atomic_number_90,th,thorium
monazite/atomic_number_69,thulium,tm
monazite/atomic_number_70,yb,ytterbium
nephelinite/nepheline,nephelite
nephelinite/pyroxene
columbite,niobite/atomic_number_41,nb,niobium
columbite,niobite/atomic_number_73,ta,tantalum
olivine/atomic_number_12,magnesium,mg
gasohol/gas,gasolene,gasoline,petrol
gasohol/ethanol,ethyl_alcohol,fermentation_alcohol,grain_alcohol
methanol,methyl_alcohol,wood_alcohol,wood_spirit/allyl_alcohol,propenyl_alcohol
orpiment/arsenic,as,atomic_number_33
pentlandite/atomic_number_28,ni,nickel
magnesia,magnesium_oxide,periclase/atomic_number_12,magnesium,mg
pollucite/atomic_number_55,caesium,cesium,cs
pollucite/atomic_number_37,rb,rubidium
psilomelane/atomic_number_25,manganese,mn
fool's_gold,iron_pyrite,pyrite/atomic_number_34,se,selenium
pyrolusite/atomic_number_25,manganese,mn
quartz/atomic_number_14,si,silicon
quartz/silica,silicon_dioxide,silicon_oxide
realgar/arsenic,as,atomic_number_33
rhodochrosite/atomic_number_25,manganese,mn
rock,stone/mineral
shellac/stick_lac
seed_lac/stick_lac
adhesive,adhesive_agent,adhesive_material/epoxy,epoxy_glue,epoxy_resin
brass/atomic_number_29,copper,cu
bronze/atomic_number_29,copper,cu
dacite/oligoclase,plagioclase
protein/amino_acid,aminoalkanoic_acid
protein/polypeptide
actomyosin/actin
actomyosin/myosin
chitin/glucosamine
rennet/chymosin,rennin
horn/ceratin,keratin
austenite/gamma_iron
austenitic_steel/austenite
basalt/pyroxene
basalt/oligoclase,plagioclase
bleach_liquor/blanching_agent,bleach,bleaching_agent,whitener
buffer_solution/buffer
burnt_lime,calcined_lime,calcium_oxide,calx,fluxing_lime,lime,quicklime,unslaked_lime/atomic_number_20,ca,calcium
carbonyl/carbonyl_group
cellulose_ester/cellulose
cast_iron/pearlite
cast_iron/pig_iron
wrought_iron/pig_iron
steel/atomic_number_26,fe,iron
steel/pearlite
cellulosic/cellulose
chalk/calcium_carbonate
clay/atomic_number_14,si,silicon
coal/atomic_number_6,c,carbon
concrete/cement
concrete/sand
creosote/creosol
deoxyribonucleic_acid,desoxyribonucleic_acid,dna/a,adenine
deoxyribonucleic_acid,desoxyribonucleic_acid,dna/c,cytosine
deoxyribonucleic_acid,desoxyribonucleic_acid,dna/g,guanine
deoxyribonucleic_acid,desoxyribonucleic_acid,dna/t,thymine
ribonucleic_acid,rna/ribose
ribonucleic_acid,rna/a,adenine
ribonucleic_acid,rna/c,cytosine
ribonucleic_acid,rna/g,guanine
ribonucleic_acid,rna/u,uracil
dental_gold/atomic_number_79,au,gold
duralumin/al,aluminium,aluminum,atomic_number_13
air/ar,argon,atomic_number_18
air/atomic_number_36,kr,krypton
air/atomic_number_10,ne,neon
air/atomic_number_7,n,nitrogen
air/atomic_number_8,o,oxygen
air/atomic_number_54,xe,xenon
h2o,water/atomic_number_1,h,hydrogen
h2o,water/atomic_number_8,o,oxygen
emery_paper,sandpaper/emery
sewage,sewerage/effluent,sewer_water,wastewater
ferrite/alpha_iron
fertiliser,fertilizer,plant_food/soda_niter,sodium_nitrate
fertiliser,fertilizer,plant_food/niter,nitre,potassium_nitrate,saltpeter,saltpetre
fertiliser,fertilizer,plant_food/ammonium_nitrate
fat/triglyceride
feldspar,felspar/atomic_number_14,si,silicon
fiber,fibre/cellulose
crystal,lechatelierite,quartz,quartz_glass,vitreous_silica/silica,silicon_dioxide,silicon_oxide
rust/goethite,gothite
granite/atomic_number_14,si,silicon
oil_of_turpentine,spirit_of_turpentine,turpentine,turps/gum_terpentine,turpentine
agar,nutrient_agar/agar,agar-agar
herbicide,weed_killer,weedkiller/arsenic,as,atomic_number_33
alpha-lipoprotein,hdl,high-density_lipoprotein/hdl_cholesterol
coal_tar/naphthalene
ice,water_ice/h2o,water
incense/stacte
insect_powder,insecticide/arsenic,as,atomic_number_33
iron_ore/atomic_number_26,fe,iron
igneous_rock/sodalite
pegmatite/samarskite
calcite/calcium_carbonate
limestone/atomic_number_20,ca,calcium
limestone/atomic_number_6,c,carbon
limestone/calcite
lint/raveling,ravelling
liquid_bleach/blanching_agent,bleach,bleaching_agent,whitener
litmus_paper/litmus,litmus_test
loadstone,lodestone/magnetic_iron-ore,magnetite
beta-lipoprotein,ldl,low-density_lipoprotein/ldl_cholesterol
lumber,timber/wood
calomel,mercurous_chloride/atomic_number_80,hg,hydrargyrum,mercury,quicksilver
mortar/cement
gas,natural_gas/methane
celluloid/camphor
celluloid/cellulose_nitrate,guncotton,nitrocellulose,nitrocotton
oxyacetylene/acetylene,alkyne,ethyne
ozone/atomic_number_8,o,oxygen
paper/cellulose
pearlite/cementite,iron_carbide
pearlite/ferrite
crude,crude_oil,fossil_oil,oil,petroleum,rock_oil/atomic_number_6,c,carbon
lac_dye/stick_lac
plaster,plaster_of_paris/gypsum
polyose,polysaccharide/glucosamine
porphyritic_rock,porphyry/groundmass
quenched_steel/martensite
neoprene/chloroprene
buna,buna_rubber/butadiene
butyl/isobutylene
rutile/atomic_number_22,ti,titanium
brine,saltwater,seawater/atomic_number_35,br,bromine
brine,saltwater,seawater/atomic_number_53,i,iodin,iodine
brine,saltwater,seawater/atomic_number_19,k,potassium
brine,saltwater,seawater/atomic_number_11,na,sodium
brine,saltwater,seawater/common_salt,sodium_chloride
brine,saltwater,seawater/calcium_chloride
brine,saltwater,seawater/evaporite
samarskite/atomic_number_64,gadolinium,gd
nitrate/nitro_group
ballistite,smokeless_powder/pyrocellulose
sand/atomic_number_14,si,silicon
scheelite/atomic_number_74,tungsten,w,wolfram
haemoglobin,hb,hemoglobin/haem,haemitin,hematin,heme,protoheme
haemoglobin,hb,hemoglobin/globin,haematohiston,hematohiston
myoglobin/haem,haemitin,hematin,heme,protoheme
cytochrome/haem,haemitin,hematin,heme,protoheme
haemosiderin,hemosiderin/ferric_oxide
silicone,silicone_polymer/atomic_number_14,si,silicon
smaltite/atomic_number_27,co,cobalt
smaltite/atomic_number_28,ni,nickel
smelling_salts/sal_volatile,spirits_of_ammonia
snow/flake,snowflake
spinel/atomic_number_12,magnesium,mg
spodumene/atomic_number_3,li,lithium
sterling_silver/ag,atomic_number_47,silver
stibnite/antimony,atomic_number_51,sb
strontianite/atomic_number_38,sr,strontium
sulfide,sulphide/atomic_number_16,s,sulfur,sulphur
graphic_tellurium,sylvanite/atomic_number_79,au,gold
graphic_tellurium,sylvanite/atomic_number_52,te,tellurium
sylvine,sylvite/atomic_number_19,k,potassium
tantalite/atomic_number_73,ta,tantalum
telluride/atomic_number_52,te,tellurium
thorite/atomic_number_90,th,thorium
thortveitite/atomic_number_21,sc,scandium
roofing_tile,tile/clay
tridymite/silica,silicon_dioxide,silicon_oxide
pitchblende,uraninite/atomic_number_92,u,uranium
uranium_ore/ac,actinium,atomic_number_89
uranium_ore/atomic_number_88,ra,radium
uranyl_nitrate/uranyl,uranyl_group,uranyl_radical
uranyl_oxalate/uranyl,uranyl_group,uranyl_radical
flaxseed_oil,linseed_oil/linoleic_acid,linolic_acid
flaxseed_oil,linseed_oil/linolenic_acid
vanadinite/atomic_number_23,v,vanadium
iodopsin/opsin
retinal_purple,rhodopsin,visual_purple/opsin
retinal_purple,rhodopsin,visual_purple/retinal,retinene
hepatoflavin,lactoflavin,ovoflavin,riboflavin,vitamin_b2,vitamin_g/flavin
calciferol,cholecalciferol,d,ergocalciferol,viosterol,vitamin_d/ergosterol
oil_of_vitriol,sulfuric_acid,sulphuric_acid,vitriol/atomic_number_16,s,sulfur,sulphur
beeswax/cerotic_acid,hexacosanoic_acid
wood/lignin
iron_manganese_tungsten,wolframite/atomic_number_74,tungsten,w,wolfram
xenotime/atomic_number_69,thulium,tm
xenotime/atomic_number_70,yb,ytterbium
xenotime/atomic_number_39,y,yttrium
blende,sphalerite,zinc_blende/atomic_number_49,in,indium
blende,sphalerite,zinc_blende/atomic_number_81,thallium,tl
chinese_white,zinc_white/flowers_of_zinc,philosopher's_wool,philosophers'_wool,zinc_oxide
zinnwaldite/atomic_number_3,li,lithium
zircon,zirconium_silicate/atomic_number_40,zirconium,zr
